ComponentName, StatisticName, StatisticSubId, StatisticType, SimTime, Rank, Sum.u64, SumSQ.u64, Count.u64, Min.u64, Max.u64
rtr_G0R0, send_bit_count, port0, Accumulator, 1585749133, 0, 161688, 67355840, 403, 360, 1128
rtr_G0R0, send_packet_count, port0, Accumulator, 1585749133, 0, 403, 403, 403, 1, 1
rtr_G0R0, output_port_stalls, port0, Accumulator, 1585749133, 0, 0, 0, 0, 0, 0
rtr_G0R0, idle_time, port0, Accumulator, 1585749133, 0, 1583838944, 10000182767958590, 404, 126935, 19113068
rtr_G0R0, width_adj_count, port0, Accumulator, 1585749133, 0, 0, 0, 0, 0, 0
rtr_G0R0, send_bit_count, port1, Accumulator, 1585749133, 0, 155056, 61793408, 394, 360, 808
rtr_G0R0, send_packet_count, port1, Accumulator, 1585749133, 0, 394, 394, 394, 1, 1
rtr_G0R0, output_port_stalls, port1, Accumulator, 1585749133, 0, 0, 0, 0, 0, 0
rtr_G0R0, idle_time, port1, Accumulator, 1585749133, 0, 1583910926, 6764695998084950, 395, 126401, 16080269
rtr_G0R0, width_adj_count, port1, Accumulator, 1585749133, 0, 0, 0, 0, 0, 0
rtr_G0R0, send_bit_count, port2, Accumulator, 1585749133, 0, 157648, 65512064, 394, 360, 1128
rtr_G0R0, send_packet_count, port2, Accumulator, 1585749133, 0, 394, 394, 394, 1, 1
rtr_G0R0, output_port_stalls, port2, Accumulator, 1585749133, 0, 0, 0, 0, 0, 0
rtr_G0R0, idle_time, port2, Accumulator, 1585749133, 0, 1583882933, 6923823517388977, 395, 3735, 16339469
rtr_G0R0, width_adj_count, port2, Accumulator, 1585749133, 0, 0, 0, 0, 0, 0
rtr_G0R0, send_bit_count, port3, Accumulator, 1585749133, 0, 75984, 29975680, 194, 360, 488
rtr_G0R0, send_packet_count, port3, Accumulator, 1585749133, 0, 194, 194, 194, 1, 1
rtr_G0R0, output_port_stalls, port3, Accumulator, 1585749133, 0, 0, 0, 0, 0, 0
rtr_G0R0, idle_time, port3, Accumulator, 1585749133, 0, 1584848025, 13306009869156845, 195, 634133, 22663468
rtr_G0R0, width_adj_count, port3, Accumulator, 1585749133, 0, 0, 0, 0, 0, 0
rtr_G0R0, send_bit_count, port4, Accumulator, 1585749133, 0, 159368, 65845568, 397, 360, 808
rtr_G0R0, send_packet_count, port4, Accumulator, 1585749133, 0, 397, 397, 397, 1, 1
rtr_G0R0, output_port_stalls, port4, Accumulator, 1585749133, 0, 0, 0, 0, 0, 0
rtr_G0R0, idle_time, port4, Accumulator, 1585749133, 0, 1583862938, 12957754755335648, 398, 120269, 32090669
rtr_G0R0, width_adj_count, port4, Accumulator, 1585749133, 0, 0, 0, 0, 0, 0
rtr_G0R0, send_bit_count, port5, Accumulator, 1585749133, 0, 6768, 7634304, 6, 1128, 1128
rtr_G0R0, send_packet_count, port5, Accumulator, 1585749133, 0, 6, 6, 6, 1, 1
rtr_G0R0, output_port_stalls, port5, Accumulator, 1585749133, 0, 0, 0, 0, 0, 0
rtr_G0R0, idle_time, port5, Accumulator, 1585749133, 0, 1585677151, 1234507685530607743, 7, 379203, 802344603
rtr_G0R0, width_adj_count, port5, Accumulator, 1585749133, 0, 0, 0, 0, 0, 0
rtr_G0R0, xbar_stalls, port0, Accumulator, 1585749133, 0, 0, 0, 0, 0, 0
rtr_G0R0, xbar_stalls, port1, Accumulator, 1585749133, 0, 0, 0, 0, 0, 0
rtr_G0R0, xbar_stalls, port2, Accumulator, 1585749133, 0, 0, 0, 0, 0, 0
rtr_G0R0, xbar_stalls, port3, Accumulator, 1585749133, 0, 0, 0, 0, 0, 0
rtr_G0R0, xbar_stalls, port4, Accumulator, 1585749133, 0, 0, 0, 0, 0, 0
rtr_G0R0, xbar_stalls, port5, Accumulator, 1585749133, 0, 0, 0, 0, 0, 0
nic0:rtrLink:networkIF, packet_latency, , Accumulator, 1585749133, 0, 81614, 16811560, 403, 197, 371
nic0:rtrLink:networkIF, send_bit_count, , Accumulator, 1585749133, 0, 162968, 69014720, 403, 360, 1128
nic0:rtrLink:networkIF, output_port_stalls, , Accumulator, 1585749133, 0, 0, 0, 0, 0, 0
nic0:rtrLink:networkIF, idle_time, , Accumulator, 1585749133, 0, 1220453813, 7463066204613185, 404, 18533, 17607736
rtr_G0R1, send_bit_count, port0, Accumulator, 1585749133, 0, 238312, 98160960, 597, 360, 1128
rtr_G0R1, send_packet_count, port0, Accumulator, 1585749133, 0, 597, 597, 597, 1, 1
rtr_G0R1, output_port_stalls, port0, Accumulator, 1585749133, 0, 0, 0, 0, 0, 0
rtr_G0R1, idle_time, port0, Accumulator, 1585749133, 0, 1582929838, 5562749644285620, 598, 79201, 16080269
rtr_G0R1, width_adj_count, port0, Accumulator, 1585749133, 0, 0, 0, 0, 0, 0
rtr_G0R1, send_bit_count, port1, Accumulator, 1585749133, 0, 79872, 32550400, 200, 360, 744
rtr_G0R1, send_packet_count, port1, Accumulator, 1585749133, 0, 200, 200, 200, 1, 1
rtr_G0R1, output_port_stalls, port1, Accumulator, 1585749133, 0, 0, 0, 0, 0, 0
rtr_G0R1, idle_time, port1, Accumulator, 1585749133, 0, 1584804036, 12901990295551532, 201, 306135, 20149868
rtr_G0R1, width_adj_count, port1, Accumulator, 1585749133, 0, 0, 0, 0, 0, 0
rtr_G0R1, send_bit_count, port2, Accumulator, 1585749133, 0, 84048, 36466048, 206, 360, 1128
rtr_G0R1, send_packet_count, port2, Accumulator, 1585749133, 0, 206, 206, 206, 1, 1
rtr_G0R1, output_port_stalls, port2, Accumulator, 1585749133, 0, 0, 0, 0, 0, 0
rtr_G0R1, idle_time, port2, Accumulator, 1585749133, 0, 1584760047, 12831421382122759, 207, 385068, 20149868
rtr_G0R1, width_adj_count, port2, Accumulator, 1585749133, 0, 0, 0, 0, 0, 0
rtr_G0R1, send_bit_count, port3, Accumulator, 1585749133, 0, 154264, 61694912, 391, 360, 808
rtr_G0R1, send_packet_count, port3, Accumulator, 1585749133, 0, 391, 391, 391, 1, 1
rtr_G0R1, output_port_stalls, port3, Accumulator, 1585749133, 0, 0, 0, 0, 0, 0
rtr_G0R1, idle_time, port3, Accumulator, 1585749133, 0, 1583918924, 6655869204432150, 392, 561069, 15287469
rtr_G0R1, width_adj_count, port3, Accumulator, 1585749133, 0, 0, 0, 0, 0, 0
rtr_G0R1, send_bit_count, port4, Accumulator, 1585749133, 0, 0, 0, 0, 0, 0
rtr_G0R1, send_packet_count, port4, Accumulator, 1585749133, 0, 0, 0, 0, 0, 0
rtr_G0R1, output_port_stalls, port4, Accumulator, 1585749133, 0, 0, 0, 0, 0, 0
rtr_G0R1, idle_time, port4, Accumulator, 1585749133, 0, 1585749133, 2514600312810251689, 1, 1585749133, 1585749133
rtr_G0R1, width_adj_count, port4, Accumulator, 1585749133, 0, 0, 0, 0, 0, 0
rtr_G0R1, send_bit_count, port5, Accumulator, 1585749133, 0, 161816, 66858176, 403, 360, 808
rtr_G0R1, send_packet_count, port5, Accumulator, 1585749133, 0, 403, 403, 403, 1, 1
rtr_G0R1, output_port_stalls, port5, Accumulator, 1585749133, 0, 0, 0, 0, 0, 0
rtr_G0R1, idle_time, port5, Accumulator, 1585749133, 0, 1583834945, 10664155469819923, 404, 43202, 27317069
rtr_G0R1, width_adj_count, port5, Accumulator, 1585749133, 0, 0, 0, 0, 0, 0
rtr_G0R1, xbar_stalls, port0, Accumulator, 1585749133, 0, 0, 0, 0, 0, 0
rtr_G0R1, xbar_stalls, port1, Accumulator, 1585749133, 0, 0, 0, 0, 0, 0
rtr_G0R1, xbar_stalls, port2, Accumulator, 1585749133, 0, 0, 0, 0, 0, 0
rtr_G0R1, xbar_stalls, port3, Accumulator, 1585749133, 0, 0, 0, 0, 0, 0
rtr_G0R1, xbar_stalls, port4, Accumulator, 1585749133, 0, 0, 0, 0, 0, 0
rtr_G0R1, xbar_stalls, port5, Accumulator, 1585749133, 0, 0, 0, 0, 0, 0
nic1:rtrLink:networkIF, packet_latency, , Accumulator, 1585749133, 0, 136045, 32045363, 597, 198, 371
nic1:rtrLink:networkIF, send_bit_count, , Accumulator, 1585749133, 0, 238952, 98990400, 597, 360, 1128
nic1:rtrLink:networkIF, output_port_stalls, , Accumulator, 1585749133, 0, 0, 0, 0, 0, 0
nic1:rtrLink:networkIF, idle_time, , Accumulator, 1585749133, 0, 989981970, 3216984747053980, 598, 98002, 14718936
rtr_G0R2, send_bit_count, port0, Accumulator, 1585749133, 0, 238312, 98160960, 597, 360, 1128
rtr_G0R2, send_packet_count, port0, Accumulator, 1585749133, 0, 597, 597, 597, 1, 1
rtr_G0R2, output_port_stalls, port0, Accumulator, 1585749133, 0, 0, 0, 0, 0, 0
rtr_G0R2, idle_time, port0, Accumulator, 1585749133, 0, 1582929838, 6640455471308020, 598, 3735, 16230669
rtr_G0R2, width_adj_count, port0, Accumulator, 1585749133, 0, 0, 0, 0, 0, 0
rtr_G0R2, send_bit_count, port1, Accumulator, 1585749133, 0, 236504, 97977792, 591, 360, 1128
rtr_G0R2, send_packet_count, port1, Accumulator, 1585749133, 0, 591, 591, 591, 1, 1
rtr_G0R2, output_port_stalls, port1, Accumulator, 1585749133, 0, 0, 0, 0, 0, 0
rtr_G0R2, idle_time, port1, Accumulator, 1585749133, 0, 1582949833, 6735872357831219, 592, 120269, 15850669
rtr_G0R2, width_adj_count, port1, Accumulator, 1585749133, 0, 0, 0, 0, 0, 0
rtr_G0R2, send_bit_count, port2, Accumulator, 1585749133, 0, 3384, 3817152, 3, 1128, 1128
rtr_G0R2, send_packet_count, port2, Accumulator, 1585749133, 0, 3, 3, 3, 1, 1
rtr_G0R2, output_port_stalls, port2, Accumulator, 1585749133, 0, 0, 0, 0, 0, 0
rtr_G0R2, idle_time, port2, Accumulator, 1585749133, 0, 1585713142, 1241637404759383716, 4, 5041603, 804564603
rtr_G0R2, width_adj_count, port2, Accumulator, 1585749133, 0, 0, 0, 0, 0, 0
rtr_G0R2, send_bit_count, port3, Accumulator, 1585749133, 0, 5832, 4829760, 9, 360, 1128
rtr_G0R2, send_packet_count, port3, Accumulator, 1585749133, 0, 9, 9, 9, 1, 1
rtr_G0R2, output_port_stalls, port3, Accumulator, 1585749133, 0, 0, 0, 0, 0, 0
rtr_G0R2, idle_time, port3, Accumulator, 1585749133, 0, 1585685149, 1231693059902568791, 10, 972268, 804727803
rtr_G0R2, width_adj_count, port3, Accumulator, 1585749133, 0, 0, 0, 0, 0, 0
rtr_G0R2, send_bit_count, port4, Accumulator, 1585749133, 0, 83392, 38439424, 200, 360, 1128
rtr_G0R2, send_packet_count, port4, Accumulator, 1585749133, 0, 200, 200, 200, 1, 1
rtr_G0R2, output_port_stalls, port4, Accumulator, 1585749133, 0, 0, 0, 0, 0, 0
rtr_G0R2, idle_time, port4, Accumulator, 1585749133, 0, 1584768045, 13428217145293973, 201, 187203, 32556269
rtr_G0R2, width_adj_count, port4, Accumulator, 1585749133, 0, 0, 0, 0, 0, 0
rtr_G0R2, xbar_stalls, port0, Accumulator, 1585749133, 0, 0, 0, 0, 0, 0
rtr_G0R2, xbar_stalls, port1, Accumulator, 1585749133, 0, 0, 0, 0, 0, 0
rtr_G0R2, xbar_stalls, port2, Accumulator, 1585749133, 0, 0, 0, 0, 0, 0
rtr_G0R2, xbar_stalls, port3, Accumulator, 1585749133, 0, 0, 0, 0, 0, 0
rtr_G0R2, xbar_stalls, port4, Accumulator, 1585749133, 0, 0, 0, 0, 0, 0
rtr_G0R2, xbar_stalls, port5, Accumulator, 1585749133, 0, 0, 0, 0, 0, 0
nic2:rtrLink:networkIF, packet_latency, , Accumulator, 1585749133, 0, 169489, 51126505, 597, 197, 371
nic2:rtrLink:networkIF, send_bit_count, , Accumulator, 1585749133, 0, 238952, 98990400, 597, 360, 1128
nic2:rtrLink:networkIF, output_port_stalls, , Accumulator, 1585749133, 0, 0, 0, 0, 0, 0
nic2:rtrLink:networkIF, idle_time, , Accumulator, 1585749133, 0, 1240631970, 4219930618909710, 597, 120669, 14869336
rtr_G0R3, send_bit_count, port0, Accumulator, 1585749133, 0, 238312, 98160960, 597, 360, 1128
rtr_G0R3, send_packet_count, port0, Accumulator, 1585749133, 0, 597, 597, 597, 1, 1
rtr_G0R3, output_port_stalls, port0, Accumulator, 1585749133, 0, 0, 0, 0, 0, 0
rtr_G0R3, idle_time, port0, Accumulator, 1585749133, 0, 1582929838, 4732970269839220, 598, 45602, 13298669
rtr_G0R3, width_adj_count, port0, Accumulator, 1585749133, 0, 0, 0, 0, 0, 0
rtr_G0R3, send_bit_count, port1, Accumulator, 1585749133, 0, 2448, 1012608, 6, 360, 456
rtr_G0R3, send_packet_count, port1, Accumulator, 1585749133, 0, 6, 6, 6, 1, 1
rtr_G0R3, output_port_stalls, port1, Accumulator, 1585749133, 0, 0, 0, 0, 0, 0
rtr_G0R3, idle_time, port1, Accumulator, 1585749133, 0, 1585721140, 1228865464595462764, 7, 472001, 805375268
rtr_G0R3, width_adj_count, port1, Accumulator, 1585749133, 0, 0, 0, 0, 0, 0
rtr_G0R3, send_bit_count, port2, Accumulator, 1585749133, 0, 162832, 66942848, 406, 360, 808
rtr_G0R3, send_packet_count, port2, Accumulator, 1585749133, 0, 406, 406, 406, 1, 1
rtr_G0R3, output_port_stalls, port2, Accumulator, 1585749133, 0, 0, 0, 0, 0, 0
rtr_G0R3, idle_time, port2, Accumulator, 1585749133, 0, 1583822948, 6567430159056724, 407, 114135, 15287469
rtr_G0R3, width_adj_count, port2, Accumulator, 1585749133, 0, 0, 0, 0, 0, 0
rtr_G0R3, send_bit_count, port3, Accumulator, 1585749133, 0, 80008, 34622272, 197, 360, 1128
rtr_G0R3, send_packet_count, port3, Accumulator, 1585749133, 0, 197, 197, 197, 1, 1
rtr_G0R3, output_port_stalls, port3, Accumulator, 1585749133, 0, 0, 0, 0, 0, 0
rtr_G0R3, idle_time, port3, Accumulator, 1585749133, 0, 1584804036, 13490939637474746, 198, 560269, 33355469
rtr_G0R3, width_adj_count, port3, Accumulator, 1585749133, 0, 0, 0, 0, 0, 0
rtr_G0R3, send_bit_count, port4, Accumulator, 1585749133, 0, 0, 0, 0, 0, 0
rtr_G0R3, send_packet_count, port4, Accumulator, 1585749133, 0, 0, 0, 0, 0, 0
rtr_G0R3, output_port_stalls, port4, Accumulator, 1585749133, 0, 0, 0, 0, 0, 0
rtr_G0R3, idle_time, port4, Accumulator, 1585749133, 0, 1585749133, 2514600312810251689, 1, 1585749133, 1585749133
rtr_G0R3, width_adj_count, port4, Accumulator, 1585749133, 0, 0, 0, 0, 0, 0
rtr_G0R3, xbar_stalls, port0, Accumulator, 1585749133, 0, 0, 0, 0, 0, 0
rtr_G0R3, xbar_stalls, port1, Accumulator, 1585749133, 0, 0, 0, 0, 0, 0
rtr_G0R3, xbar_stalls, port2, Accumulator, 1585749133, 0, 0, 0, 0, 0, 0
rtr_G0R3, xbar_stalls, port3, Accumulator, 1585749133, 0, 0, 0, 0, 0, 0
rtr_G0R3, xbar_stalls, port4, Accumulator, 1585749133, 0, 0, 0, 0, 0, 0
rtr_G0R3, xbar_stalls, port5, Accumulator, 1585749133, 0, 0, 0, 0, 0, 0
nic3:rtrLink:networkIF, packet_latency, , Accumulator, 1585749133, 0, 169389, 51046737, 597, 198, 371
nic3:rtrLink:networkIF, send_bit_count, , Accumulator, 1585749133, 0, 238952, 98990400, 597, 360, 1128
nic3:rtrLink:networkIF, output_port_stalls, , Accumulator, 1585749133, 0, 0, 0, 0, 0, 0
nic3:rtrLink:networkIF, idle_time, , Accumulator, 1585749133, 0, 905174371, 2355676097558693, 599, 19869, 12437336
rtr_G1R0, send_bit_count, port0, Accumulator, 1585749133, 0, 238312, 98160960, 597, 360, 1128
rtr_G1R0, send_packet_count, port0, Accumulator, 1585749133, 0, 597, 597, 597, 1, 1
rtr_G1R0, output_port_stalls, port0, Accumulator, 1585749133, 0, 0, 0, 0, 0, 0
rtr_G1R0, idle_time, port0, Accumulator, 1585749133, 0, 1582929838, 7670737583794420, 598, 21603, 13169069
rtr_G1R0, width_adj_count, port0, Accumulator, 1585749133, 0, 0, 0, 0, 0, 0
rtr_G1R0, send_bit_count, port1, Accumulator, 1585749133, 0, 82456, 35634880, 203, 360, 1128
rtr_G1R0, send_packet_count, port1, Accumulator, 1585749133, 0, 203, 203, 203, 1, 1
rtr_G1R0, output_port_stalls, port1, Accumulator, 1585749133, 0, 0, 0, 0, 0, 0
rtr_G1R0, idle_time, port1, Accumulator, 1585749133, 0, 1584776043, 13060708540379821, 204, 126401, 26141869
rtr_G1R0, width_adj_count, port1, Accumulator, 1585749133, 0, 0, 0, 0, 0, 0
rtr_G1R0, send_bit_count, port2, Accumulator, 1585749133, 0, 80512, 33379840, 200, 360, 808
rtr_G1R0, send_packet_count, port2, Accumulator, 1585749133, 0, 200, 200, 200, 1, 1
rtr_G1R0, output_port_stalls, port2, Accumulator, 1585749133, 0, 0, 0, 0, 0, 0
rtr_G1R0, idle_time, port2, Accumulator, 1585749133, 0, 1584796038, 13238695267197406, 201, 560269, 30026669
rtr_G1R0, width_adj_count, port2, Accumulator, 1585749133, 0, 0, 0, 0, 0, 0
rtr_G1R0, send_bit_count, port3, Accumulator, 1585749133, 0, 0, 0, 0, 0, 0
rtr_G1R0, send_packet_count, port3, Accumulator, 1585749133, 0, 0, 0, 0, 0, 0
rtr_G1R0, output_port_stalls, port3, Accumulator, 1585749133, 0, 0, 0, 0, 0, 0
rtr_G1R0, idle_time, port3, Accumulator, 1585749133, 0, 1585749133, 2514600312810251689, 1, 1585749133, 1585749133
rtr_G1R0, width_adj_count, port3, Accumulator, 1585749133, 0, 0, 0, 0, 0, 0
rtr_G1R0, send_bit_count, port4, Accumulator, 1585749133, 0, 151968, 59951360, 388, 360, 488
rtr_G1R0, send_packet_count, port4, Accumulator, 1585749133, 0, 388, 388, 388, 1, 1
rtr_G1R0, output_port_stalls, port4, Accumulator, 1585749133, 0, 0, 0, 0, 0, 0
rtr_G1R0, idle_time, port4, Accumulator, 1585749133, 0, 1583946917, 12129695825815601, 389, 167468, 22842668
rtr_G1R0, width_adj_count, port4, Accumulator, 1585749133, 0, 0, 0, 0, 0, 0
rtr_G1R0, send_bit_count, port5, Accumulator, 1585749133, 0, 159368, 65845568, 397, 360, 808
rtr_G1R0, send_packet_count, port5, Accumulator, 1585749133, 0, 397, 397, 397, 1, 1
rtr_G1R0, output_port_stalls, port5, Accumulator, 1585749133, 0, 0, 0, 0, 0, 0
rtr_G1R0, idle_time, port5, Accumulator, 1585749133, 0, 1583862938, 12729455537796448, 398, 120269, 27113869
rtr_G1R0, width_adj_count, port5, Accumulator, 1585749133, 0, 0, 0, 0, 0, 0
rtr_G1R0, xbar_stalls, port0, Accumulator, 1585749133, 0, 0, 0, 0, 0, 0
rtr_G1R0, xbar_stalls, port1, Accumulator, 1585749133, 0, 0, 0, 0, 0, 0
rtr_G1R0, xbar_stalls, port2, Accumulator, 1585749133, 0, 0, 0, 0, 0, 0
rtr_G1R0, xbar_stalls, port3, Accumulator, 1585749133, 0, 0, 0, 0, 0, 0
rtr_G1R0, xbar_stalls, port4, Accumulator, 1585749133, 0, 0, 0, 0, 0, 0
rtr_G1R0, xbar_stalls, port5, Accumulator, 1585749133, 0, 0, 0, 0, 0, 0
nic4:rtrLink:networkIF, packet_latency, , Accumulator, 1585749133, 0, 186851, 59515369, 597, 198, 371
nic4:rtrLink:networkIF, send_bit_count, , Accumulator, 1585749133, 0, 238952, 98990400, 597, 360, 1128
nic4:rtrLink:networkIF, output_port_stalls, , Accumulator, 1585749133, 0, 0, 0, 0, 0, 0
nic4:rtrLink:networkIF, idle_time, , Accumulator, 1585749133, 0, 1238601837, 5108404822999847, 598, 28935, 12307336
rtr_G1R1, send_bit_count, port0, Accumulator, 1585749133, 0, 238312, 98160960, 597, 360, 1128
rtr_G1R1, send_packet_count, port0, Accumulator, 1585749133, 0, 597, 597, 597, 1, 1
rtr_G1R1, output_port_stalls, port0, Accumulator, 1585749133, 0, 0, 0, 0, 0, 0
rtr_G1R1, idle_time, port0, Accumulator, 1585749133, 0, 1582929838, 7611725103340020, 598, 37868, 13212269
rtr_G1R1, width_adj_count, port0, Accumulator, 1585749133, 0, 0, 0, 0, 0, 0
rtr_G1R1, send_bit_count, port1, Accumulator, 1585749133, 0, 82456, 35634880, 203, 360, 1128
rtr_G1R1, send_packet_count, port1, Accumulator, 1585749133, 0, 203, 203, 203, 1, 1
rtr_G1R1, output_port_stalls, port1, Accumulator, 1585749133, 0, 0, 0, 0, 0, 0
rtr_G1R1, idle_time, port1, Accumulator, 1585749133, 0, 1584776043, 13146169097227821, 204, 560269, 28203469
rtr_G1R1, width_adj_count, port1, Accumulator, 1585749133, 0, 0, 0, 0, 0, 0
rtr_G1R1, send_bit_count, port2, Accumulator, 1585749133, 0, 160672, 67271168, 400, 360, 1128
rtr_G1R1, send_packet_count, port2, Accumulator, 1585749133, 0, 400, 400, 400, 1, 1
rtr_G1R1, output_port_stalls, port2, Accumulator, 1585749133, 0, 0, 0, 0, 0, 0
rtr_G1R1, idle_time, port2, Accumulator, 1585749133, 0, 1583850941, 8707910451292989, 401, 255203, 12585869
rtr_G1R1, width_adj_count, port2, Accumulator, 1585749133, 0, 0, 0, 0, 0, 0
rtr_G1R1, send_bit_count, port3, Accumulator, 1585749133, 0, 160520, 68002112, 397, 360, 1128
rtr_G1R1, send_packet_count, port3, Accumulator, 1585749133, 0, 397, 397, 397, 1, 1
rtr_G1R1, output_port_stalls, port3, Accumulator, 1585749133, 0, 0, 0, 0, 0, 0
rtr_G1R1, idle_time, port3, Accumulator, 1585749133, 0, 1583850941, 12415696872270063, 398, 31203, 28917069
rtr_G1R1, width_adj_count, port3, Accumulator, 1585749133, 0, 0, 0, 0, 0, 0
rtr_G1R1, send_bit_count, port4, Accumulator, 1585749133, 0, 160016, 69244544, 394, 360, 1128
rtr_G1R1, send_packet_count, port4, Accumulator, 1585749133, 0, 394, 394, 394, 1, 1
rtr_G1R1, output_port_stalls, port4, Accumulator, 1585749133, 0, 0, 0, 0, 0, 0
rtr_G1R1, idle_time, port4, Accumulator, 1585749133, 0, 1583858939, 13105329337000203, 395, 74403, 33808269
rtr_G1R1, width_adj_count, port4, Accumulator, 1585749133, 0, 0, 0, 0, 0, 0
rtr_G1R1, send_bit_count, port5, Accumulator, 1585749133, 0, 151968, 59951360, 388, 360, 488
rtr_G1R1, send_packet_count, port5, Accumulator, 1585749133, 0, 388, 388, 388, 1, 1
rtr_G1R1, output_port_stalls, port5, Accumulator, 1585749133, 0, 0, 0, 0, 0, 0
rtr_G1R1, idle_time, port5, Accumulator, 1585749133, 0, 1583946917, 12201153055180401, 389, 37868, 21789068
rtr_G1R1, width_adj_count, port5, Accumulator, 1585749133, 0, 0, 0, 0, 0, 0
rtr_G1R1, xbar_stalls, port0, Accumulator, 1585749133, 0, 0, 0, 0, 0, 0
rtr_G1R1, xbar_stalls, port1, Accumulator, 1585749133, 0, 0, 0, 0, 0, 0
rtr_G1R1, xbar_stalls, port2, Accumulator, 1585749133, 0, 0, 0, 0, 0, 0
rtr_G1R1, xbar_stalls, port3, Accumulator, 1585749133, 0, 0, 0, 0, 0, 0
rtr_G1R1, xbar_stalls, port4, Accumulator, 1585749133, 0, 0, 0, 0, 0, 0
rtr_G1R1, xbar_stalls, port5, Accumulator, 1585749133, 0, 0, 0, 0, 0, 0
nic5:rtrLink:networkIF, packet_latency, , Accumulator, 1585749133, 0, 186154, 62038592, 597, 198, 376
nic5:rtrLink:networkIF, send_bit_count, , Accumulator, 1585749133, 0, 238952, 98990400, 597, 360, 1128
nic5:rtrLink:networkIF, output_port_stalls, , Accumulator, 1585749133, 0, 0, 0, 0, 0, 0
nic5:rtrLink:networkIF, idle_time, , Accumulator, 1585749133, 0, 1211682104, 4783387702119936, 597, 120669, 12350936
rtr_G1R2, send_bit_count, port0, Accumulator, 1585749133, 0, 238312, 98160960, 597, 360, 1128
rtr_G1R2, send_packet_count, port0, Accumulator, 1585749133, 0, 597, 597, 597, 1, 1
rtr_G1R2, output_port_stalls, port0, Accumulator, 1585749133, 0, 0, 0, 0, 0, 0
rtr_G1R2, idle_time, port0, Accumulator, 1585749133, 0, 1582929838, 7378915118704468, 597, 122402, 13255469
rtr_G1R2, width_adj_count, port0, Accumulator, 1585749133, 0, 0, 0, 0, 0, 0
rtr_G1R2, send_bit_count, port1, Accumulator, 1585749133, 0, 155856, 62526080, 394, 360, 744
rtr_G1R2, send_packet_count, port1, Accumulator, 1585749133, 0, 394, 394, 394, 1, 1
rtr_G1R2, output_port_stalls, port1, Accumulator, 1585749133, 0, 0, 0, 0, 0, 0
rtr_G1R2, idle_time, port1, Accumulator, 1585749133, 0, 1583902928, 9093698050623088, 395, 122935, 18668268
rtr_G1R2, width_adj_count, port1, Accumulator, 1585749133, 0, 0, 0, 0, 0, 0
rtr_G1R2, send_bit_count, port2, Accumulator, 1585749133, 0, 232616, 95403072, 585, 360, 1128
rtr_G1R2, send_packet_count, port2, Accumulator, 1585749133, 0, 585, 585, 585, 1, 1
rtr_G1R2, output_port_stalls, port2, Accumulator, 1585749133, 0, 0, 0, 0, 0, 0
rtr_G1R2, idle_time, port2, Accumulator, 1585749133, 0, 1582993822, 9557999618870132, 586, 120269, 12065869
rtr_G1R2, width_adj_count, port2, Accumulator, 1585749133, 0, 0, 0, 0, 0, 0
rtr_G1R2, send_bit_count, port3, Accumulator, 1585749133, 0, 2448, 1012608, 6, 360, 456
rtr_G1R2, send_packet_count, port3, Accumulator, 1585749133, 0, 6, 6, 6, 1, 1
rtr_G1R2, output_port_stalls, port3, Accumulator, 1585749133, 0, 0, 0, 0, 0, 0
rtr_G1R2, idle_time, port3, Accumulator, 1585749133, 0, 1585721140, 1234041889702005164, 7, 125601, 807568868
rtr_G1R2, width_adj_count, port3, Accumulator, 1585749133, 0, 0, 0, 0, 0, 0
rtr_G1R2, send_bit_count, port4, Accumulator, 1585749133, 0, 85192, 36053056, 209, 360, 808
rtr_G1R2, send_packet_count, port4, Accumulator, 1585749133, 0, 209, 209, 209, 1, 1
rtr_G1R2, output_port_stalls, port4, Accumulator, 1585749133, 0, 0, 0, 0, 0, 0
rtr_G1R2, idle_time, port4, Accumulator, 1585749133, 0, 1584744051, 13042027289550493, 210, 59202, 25512269
rtr_G1R2, width_adj_count, port4, Accumulator, 1585749133, 0, 0, 0, 0, 0, 0
rtr_G1R2, xbar_stalls, port0, Accumulator, 1585749133, 0, 0, 0, 0, 0, 0
rtr_G1R2, xbar_stalls, port1, Accumulator, 1585749133, 0, 0, 0, 0, 0, 0
rtr_G1R2, xbar_stalls, port2, Accumulator, 1585749133, 0, 0, 0, 0, 0, 0
rtr_G1R2, xbar_stalls, port3, Accumulator, 1585749133, 0, 4, 4, 4, 1, 1
rtr_G1R2, xbar_stalls, port4, Accumulator, 1585749133, 0, 0, 0, 0, 0, 0
rtr_G1R2, xbar_stalls, port5, Accumulator, 1585749133, 0, 0, 0, 0, 0, 0
nic6:rtrLink:networkIF, packet_latency, , Accumulator, 1585749133, 0, 219854, 81229460, 597, 197, 376
nic6:rtrLink:networkIF, send_bit_count, , Accumulator, 1585749133, 0, 238952, 98990400, 597, 360, 1128
nic6:rtrLink:networkIF, output_port_stalls, , Accumulator, 1585749133, 0, 0, 0, 0, 0, 0
nic6:rtrLink:networkIF, idle_time, , Accumulator, 1585749133, 0, 1243943570, 5012724636662956, 597, 120669, 12393736
rtr_G1R3, send_bit_count, port0, Accumulator, 1585749133, 0, 162328, 68185280, 403, 360, 1128
rtr_G1R3, send_packet_count, port0, Accumulator, 1585749133, 0, 403, 403, 403, 1, 1
rtr_G1R3, output_port_stalls, port0, Accumulator, 1585749133, 0, 0, 0, 0, 0, 0
rtr_G1R3, idle_time, port0, Accumulator, 1585749133, 0, 1583830946, 7919400754564464, 404, 4803, 13082669
rtr_G1R3, width_adj_count, port0, Accumulator, 1585749133, 0, 0, 0, 0, 0, 0
rtr_G1R3, send_bit_count, port1, Accumulator, 1585749133, 0, 0, 0, 0, 0, 0
rtr_G1R3, send_packet_count, port1, Accumulator, 1585749133, 0, 0, 0, 0, 0, 0
rtr_G1R3, output_port_stalls, port1, Accumulator, 1585749133, 0, 0, 0, 0, 0, 0
rtr_G1R3, idle_time, port1, Accumulator, 1585749133, 0, 1585749133, 2514600312810251689, 1, 1585749133, 1585749133
rtr_G1R3, width_adj_count, port1, Accumulator, 1585749133, 0, 0, 0, 0, 0, 0
rtr_G1R3, send_bit_count, port2, Accumulator, 1585749133, 0, 79368, 33792832, 197, 360, 1128
rtr_G1R3, send_packet_count, port2, Accumulator, 1585749133, 0, 197, 197, 197, 1, 1
rtr_G1R3, output_port_stalls, port2, Accumulator, 1585749133, 0, 0, 0, 0, 0, 0
rtr_G1R3, idle_time, port2, Accumulator, 1585749133, 0, 1584812034, 12937225470705672, 198, 1569333, 20149868
rtr_G1R3, width_adj_count, port2, Accumulator, 1585749133, 0, 0, 0, 0, 0, 0
rtr_G1R3, send_bit_count, port3, Accumulator, 1585749133, 0, 82320, 33563008, 206, 360, 744
rtr_G1R3, send_packet_count, port3, Accumulator, 1585749133, 0, 206, 206, 206, 1, 1
rtr_G1R3, output_port_stalls, port3, Accumulator, 1585749133, 0, 0, 0, 0, 0, 0
rtr_G1R3, idle_time, port3, Accumulator, 1585749133, 0, 1584776043, 12848063922696607, 207, 123735, 20149868
rtr_G1R3, width_adj_count, port3, Accumulator, 1585749133, 0, 0, 0, 0, 0, 0
rtr_G1R3, send_bit_count, port4, Accumulator, 1585749133, 0, 160016, 69244544, 394, 360, 1128
rtr_G1R3, send_packet_count, port4, Accumulator, 1585749133, 0, 394, 394, 394, 1, 1
rtr_G1R3, output_port_stalls, port4, Accumulator, 1585749133, 0, 0, 0, 0, 0, 0
rtr_G1R3, idle_time, port4, Accumulator, 1585749133, 0, 1583858939, 11771231847149003, 395, 4269, 32469069
rtr_G1R3, width_adj_count, port4, Accumulator, 1585749133, 0, 0, 0, 0, 0, 0
rtr_G1R3, xbar_stalls, port0, Accumulator, 1585749133, 0, 0, 0, 0, 0, 0
rtr_G1R3, xbar_stalls, port1, Accumulator, 1585749133, 0, 0, 0, 0, 0, 0
rtr_G1R3, xbar_stalls, port2, Accumulator, 1585749133, 0, 0, 0, 0, 0, 0
rtr_G1R3, xbar_stalls, port3, Accumulator, 1585749133, 0, 0, 0, 0, 0, 0
rtr_G1R3, xbar_stalls, port4, Accumulator, 1585749133, 0, 0, 0, 0, 0, 0
rtr_G1R3, xbar_stalls, port5, Accumulator, 1585749133, 0, 0, 0, 0, 0, 0
nic7:rtrLink:networkIF, packet_latency, , Accumulator, 1585749133, 0, 130943, 43428899, 403, 197, 371
nic7:rtrLink:networkIF, send_bit_count, , Accumulator, 1585749133, 0, 162328, 68185280, 403, 360, 1128
nic7:rtrLink:networkIF, output_port_stalls, , Accumulator, 1585749133, 0, 0, 0, 0, 0, 0
nic7:rtrLink:networkIF, idle_time, , Accumulator, 1585749133, 0, 1293363743, 5817550660122239, 404, 105202, 12351336
rtr_G2R0, send_bit_count, port0, Accumulator, 1585749133, 0, 86344, 38209600, 209, 360, 1128
rtr_G2R0, send_packet_count, port0, Accumulator, 1585749133, 0, 209, 209, 209, 1, 1
rtr_G2R0, output_port_stalls, port0, Accumulator, 1585749133, 0, 0, 0, 0, 0, 0
rtr_G2R0, idle_time, port0, Accumulator, 1585749133, 0, 1584732054, 13015803541382508, 210, 126935, 25685069
rtr_G2R0, width_adj_count, port0, Accumulator, 1585749133, 0, 0, 0, 0, 0, 0
rtr_G2R0, send_bit_count, port1, Accumulator, 1585749133, 0, 81304, 33478336, 203, 360, 808
rtr_G2R0, send_packet_count, port1, Accumulator, 1585749133, 0, 203, 203, 203, 1, 1
rtr_G2R0, output_port_stalls, port1, Accumulator, 1585749133, 0, 0, 0, 0, 0, 0
rtr_G2R0, idle_time, port1, Accumulator, 1585749133, 0, 1584788040, 12964865539599006, 204, 385601, 23360269
rtr_G2R0, width_adj_count, port1, Accumulator, 1585749133, 0, 0, 0, 0, 0, 0
rtr_G2R0, send_bit_count, port2, Accumulator, 1585749133, 0, 83896, 37196992, 203, 360, 1128
rtr_G2R0, send_packet_count, port2, Accumulator, 1585749133, 0, 203, 203, 203, 1, 1
rtr_G2R0, output_port_stalls, port2, Accumulator, 1585749133, 0, 0, 0, 0, 0, 0
rtr_G2R0, idle_time, port2, Accumulator, 1585749133, 0, 1584760047, 13101368773162233, 204, 153335, 27416269
rtr_G2R0, width_adj_count, port2, Accumulator, 1585749133, 0, 0, 0, 0, 0, 0
rtr_G2R0, send_bit_count, port3, Accumulator, 1585749133, 0, 0, 0, 0, 0, 0
rtr_G2R0, send_packet_count, port3, Accumulator, 1585749133, 0, 0, 0, 0, 0, 0
rtr_G2R0, output_port_stalls, port3, Accumulator, 1585749133, 0, 0, 0, 0, 0, 0
rtr_G2R0, idle_time, port3, Accumulator, 1585749133, 0, 1585749133, 2514600312810251689, 1, 1585749133, 1585749133
rtr_G2R0, width_adj_count, port3, Accumulator, 1585749133, 0, 0, 0, 0, 0, 0
rtr_G2R0, send_bit_count, port4, Accumulator, 1585749133, 0, 82752, 37609984, 200, 360, 1128
rtr_G2R0, send_packet_count, port4, Accumulator, 1585749133, 0, 200, 200, 200, 1, 1
rtr_G2R0, output_port_stalls, port4, Accumulator, 1585749133, 0, 0, 0, 0, 0, 0
rtr_G2R0, idle_time, port4, Accumulator, 1585749133, 0, 1584776043, 12910821226067299, 201, 44003, 20149868
rtr_G2R0, width_adj_count, port4, Accumulator, 1585749133, 0, 0, 0, 0, 0, 0
rtr_G2R0, send_bit_count, port5, Accumulator, 1585749133, 0, 75984, 29975680, 194, 360, 488
rtr_G2R0, send_packet_count, port5, Accumulator, 1585749133, 0, 194, 194, 194, 1, 1
rtr_G2R0, output_port_stalls, port5, Accumulator, 1585749133, 0, 0, 0, 0, 0, 0
rtr_G2R0, idle_time, port5, Accumulator, 1585749133, 0, 1584848025, 13344667622200045, 195, 634133, 23937868
rtr_G2R0, width_adj_count, port5, Accumulator, 1585749133, 0, 0, 0, 0, 0, 0
rtr_G2R0, xbar_stalls, port0, Accumulator, 1585749133, 0, 0, 0, 0, 0, 0
rtr_G2R0, xbar_stalls, port1, Accumulator, 1585749133, 0, 0, 0, 0, 0, 0
rtr_G2R0, xbar_stalls, port2, Accumulator, 1585749133, 0, 0, 0, 0, 0, 0
rtr_G2R0, xbar_stalls, port3, Accumulator, 1585749133, 0, 0, 0, 0, 0, 0
rtr_G2R0, xbar_stalls, port4, Accumulator, 1585749133, 0, 0, 0, 0, 0, 0
rtr_G2R0, xbar_stalls, port5, Accumulator, 1585749133, 0, 0, 0, 0, 0, 0
nic8:rtrLink:networkIF, packet_latency, , Accumulator, 1585749133, 0, 76166, 27949526, 209, 198, 371
nic8:rtrLink:networkIF, send_bit_count, , Accumulator, 1585749133, 0, 85704, 37380160, 209, 360, 1128
nic8:rtrLink:networkIF, output_port_stalls, , Accumulator, 1585749133, 0, 0, 0, 0, 0, 0
nic8:rtrLink:networkIF, idle_time, , Accumulator, 1585749133, 0, 1409710919, 10152427700018815, 210, 123335, 11184668
rtr_G2R1, send_bit_count, port0, Accumulator, 1585749133, 0, 86344, 38209600, 209, 360, 1128
rtr_G2R1, send_packet_count, port0, Accumulator, 1585749133, 0, 209, 209, 209, 1, 1
rtr_G2R1, output_port_stalls, port0, Accumulator, 1585749133, 0, 0, 0, 0, 0, 0
rtr_G2R1, idle_time, port0, Accumulator, 1585749133, 0, 1584732054, 12913475825555308, 210, 69602, 23360269
rtr_G2R1, width_adj_count, port0, Accumulator, 1585749133, 0, 0, 0, 0, 0, 0
rtr_G2R1, send_bit_count, port1, Accumulator, 1585749133, 0, 76624, 30805120, 194, 360, 808
rtr_G2R1, send_packet_count, port1, Accumulator, 1585749133, 0, 194, 194, 194, 1, 1
rtr_G2R1, output_port_stalls, port1, Accumulator, 1585749133, 0, 0, 0, 0, 0, 0
rtr_G2R1, idle_time, port1, Accumulator, 1585749133, 0, 1584840027, 15103293407261919, 195, 560269, 53511469
rtr_G2R1, width_adj_count, port1, Accumulator, 1585749133, 0, 0, 0, 0, 0, 0
rtr_G2R1, send_bit_count, port2, Accumulator, 1585749133, 0, 78432, 30988288, 200, 360, 488
rtr_G2R1, send_packet_count, port2, Accumulator, 1585749133, 0, 200, 200, 200, 1, 1
rtr_G2R1, output_port_stalls, port2, Accumulator, 1585749133, 0, 0, 0, 0, 0, 0
rtr_G2R1, idle_time, port2, Accumulator, 1585749133, 0, 1584820032, 12925275762167520, 201, 185068, 20149868
rtr_G2R1, width_adj_count, port2, Accumulator, 1585749133, 0, 0, 0, 0, 0, 0
rtr_G2R1, send_bit_count, port3, Accumulator, 1585749133, 0, 7272, 6391872, 9, 552, 1128
rtr_G2R1, send_packet_count, port3, Accumulator, 1585749133, 0, 9, 9, 9, 1, 1
rtr_G2R1, output_port_stalls, port3, Accumulator, 1585749133, 0, 0, 0, 0, 0, 0
rtr_G2R1, idle_time, port3, Accumulator, 1585749133, 0, 1585669153, 1230682893760856803, 10, 622935, 803592603
rtr_G2R1, width_adj_count, port3, Accumulator, 1585749133, 0, 0, 0, 0, 0, 0
rtr_G2R1, send_bit_count, port4, Accumulator, 1585749133, 0, 6120, 4235328, 9, 552, 744
rtr_G2R1, send_packet_count, port4, Accumulator, 1585749133, 0, 9, 9, 9, 1, 1
rtr_G2R1, output_port_stalls, port4, Accumulator, 1585749133, 0, 0, 0, 0, 0, 0
rtr_G2R1, idle_time, port4, Accumulator, 1585749133, 0, 1585681150, 1228181042069413988, 10, 297602, 804132602
rtr_G2R1, width_adj_count, port4, Accumulator, 1585749133, 0, 0, 0, 0, 0, 0
rtr_G2R1, send_bit_count, port5, Accumulator, 1585749133, 0, 6768, 7634304, 6, 1128, 1128
rtr_G2R1, send_packet_count, port5, Accumulator, 1585749133, 0, 6, 6, 6, 1, 1
rtr_G2R1, output_port_stalls, port5, Accumulator, 1585749133, 0, 0, 0, 0, 0, 0
rtr_G2R1, idle_time, port5, Accumulator, 1585749133, 0, 1585677151, 1237937405831999743, 7, 151203, 804651003
rtr_G2R1, width_adj_count, port5, Accumulator, 1585749133, 0, 0, 0, 0, 0, 0
rtr_G2R1, xbar_stalls, port0, Accumulator, 1585749133, 0, 0, 0, 0, 0, 0
rtr_G2R1, xbar_stalls, port1, Accumulator, 1585749133, 0, 0, 0, 0, 0, 0
rtr_G2R1, xbar_stalls, port2, Accumulator, 1585749133, 0, 0, 0, 0, 0, 0
rtr_G2R1, xbar_stalls, port3, Accumulator, 1585749133, 0, 0, 0, 0, 0, 0
rtr_G2R1, xbar_stalls, port4, Accumulator, 1585749133, 0, 0, 0, 0, 0, 0
rtr_G2R1, xbar_stalls, port5, Accumulator, 1585749133, 0, 0, 0, 0, 0, 0
nic9:rtrLink:networkIF, packet_latency, , Accumulator, 1585749133, 0, 59483, 17018463, 209, 198, 371
nic9:rtrLink:networkIF, send_bit_count, , Accumulator, 1585749133, 0, 85704, 37380160, 209, 360, 1128
nic9:rtrLink:networkIF, output_port_stalls, , Accumulator, 1585749133, 0, 0, 0, 0, 0, 0
nic9:rtrLink:networkIF, idle_time, , Accumulator, 1585749133, 0, 1412020386, 10156479188997040, 211, 6270, 11184668
rtr_G2R2, send_bit_count, port0, Accumulator, 1585749133, 0, 86344, 38209600, 209, 360, 1128
rtr_G2R2, send_packet_count, port0, Accumulator, 1585749133, 0, 209, 209, 209, 1, 1
rtr_G2R2, output_port_stalls, port0, Accumulator, 1585749133, 0, 0, 0, 0, 0, 0
rtr_G2R2, idle_time, port0, Accumulator, 1585749133, 0, 1584732054, 12889677432769708, 210, 141601, 23229869
rtr_G2R2, width_adj_count, port0, Accumulator, 1585749133, 0, 0, 0, 0, 0, 0
rtr_G2R2, send_bit_count, port1, Accumulator, 1585749133, 0, 81816, 34805440, 203, 360, 1128
rtr_G2R2, send_packet_count, port1, Accumulator, 1585749133, 0, 203, 203, 203, 1, 1
rtr_G2R2, output_port_stalls, port1, Accumulator, 1585749133, 0, 0, 0, 0, 0, 0
rtr_G2R2, idle_time, port1, Accumulator, 1585749133, 0, 1584784041, 12839418395884347, 204, 547733, 20150668
rtr_G2R2, width_adj_count, port1, Accumulator, 1585749133, 0, 0, 0, 0, 0, 0
rtr_G2R2, send_bit_count, port2, Accumulator, 1585749133, 0, 7776, 5149440, 12, 552, 744
rtr_G2R2, send_packet_count, port2, Accumulator, 1585749133, 0, 12, 12, 12, 1, 1
rtr_G2R2, output_port_stalls, port2, Accumulator, 1585749133, 0, 0, 0, 0, 0, 0
rtr_G2R2, idle_time, port2, Accumulator, 1585749133, 0, 1585661155, 1228144644374106263, 13, 190935, 804219002
rtr_G2R2, width_adj_count, port2, Accumulator, 1585749133, 0, 0, 0, 0, 0, 0
rtr_G2R2, send_bit_count, port3, Accumulator, 1585749133, 0, 81304, 33478336, 203, 360, 808
rtr_G2R2, send_packet_count, port3, Accumulator, 1585749133, 0, 203, 203, 203, 1, 1
rtr_G2R2, output_port_stalls, port3, Accumulator, 1585749133, 0, 0, 0, 0, 0, 0
rtr_G2R2, idle_time, port3, Accumulator, 1585749133, 0, 1584788040, 12981807488610206, 204, 125601, 23317869
rtr_G2R2, width_adj_count, port3, Accumulator, 1585749133, 0, 0, 0, 0, 0, 0
rtr_G2R2, send_bit_count, port4, Accumulator, 1585749133, 0, 151968, 59951360, 388, 360, 488
rtr_G2R2, send_packet_count, port4, Accumulator, 1585749133, 0, 388, 388, 388, 1, 1
rtr_G2R2, output_port_stalls, port4, Accumulator, 1585749133, 0, 0, 0, 0, 0, 0
rtr_G2R2, idle_time, port4, Accumulator, 1585749133, 0, 1583946917, 12775092513050449, 388, 108801, 22561068
rtr_G2R2, width_adj_count, port4, Accumulator, 1585749133, 0, 0, 0, 0, 0, 0
rtr_G2R2, xbar_stalls, port0, Accumulator, 1585749133, 0, 0, 0, 0, 0, 0
rtr_G2R2, xbar_stalls, port1, Accumulator, 1585749133, 0, 0, 0, 0, 0, 0
rtr_G2R2, xbar_stalls, port2, Accumulator, 1585749133, 0, 0, 0, 0, 0, 0
rtr_G2R2, xbar_stalls, port3, Accumulator, 1585749133, 0, 4, 4, 4, 1, 1
rtr_G2R2, xbar_stalls, port4, Accumulator, 1585749133, 0, 0, 0, 0, 0, 0
rtr_G2R2, xbar_stalls, port5, Accumulator, 1585749133, 0, 0, 0, 0, 0, 0
nic10:rtrLink:networkIF, packet_latency, , Accumulator, 1585749133, 0, 59144, 16848018, 209, 198, 371
nic10:rtrLink:networkIF, send_bit_count, , Accumulator, 1585749133, 0, 85704, 37380160, 209, 360, 1128
nic10:rtrLink:networkIF, output_port_stalls, , Accumulator, 1585749133, 0, 0, 0, 0, 0, 0
nic10:rtrLink:networkIF, idle_time, , Accumulator, 1585749133, 0, 1411395319, 10138610966932507, 211, 63868, 11184668
rtr_G2R3, send_bit_count, port0, Accumulator, 1585749133, 0, 86344, 38209600, 209, 360, 1128
rtr_G2R3, send_packet_count, port0, Accumulator, 1585749133, 0, 209, 209, 209, 1, 1
rtr_G2R3, output_port_stalls, port0, Accumulator, 1585749133, 0, 0, 0, 0, 0, 0
rtr_G2R3, idle_time, port0, Accumulator, 1585749133, 0, 1584732054, 12909662429072108, 210, 125601, 23317869
rtr_G2R3, width_adj_count, port0, Accumulator, 1585749133, 0, 0, 0, 0, 0, 0
rtr_G2R3, send_bit_count, port1, Accumulator, 1585749133, 0, 0, 0, 0, 0, 0
rtr_G2R3, send_packet_count, port1, Accumulator, 1585749133, 0, 0, 0, 0, 0, 0
rtr_G2R3, output_port_stalls, port1, Accumulator, 1585749133, 0, 0, 0, 0, 0, 0
rtr_G2R3, idle_time, port1, Accumulator, 1585749133, 0, 1585749133, 2514600312810251689, 1, 1585749133, 1585749133
rtr_G2R3, width_adj_count, port1, Accumulator, 1585749133, 0, 0, 0, 0, 0, 0
rtr_G2R3, send_bit_count, port2, Accumulator, 1585749133, 0, 3384, 3817152, 3, 1128, 1128
rtr_G2R3, send_packet_count, port2, Accumulator, 1585749133, 0, 3, 3, 3, 1, 1
rtr_G2R3, output_port_stalls, port2, Accumulator, 1585749133, 0, 0, 0, 0, 0, 0
rtr_G2R3, idle_time, port2, Accumulator, 1585749133, 0, 1585713142, 1238234351611351716, 4, 5749603, 804900603
rtr_G2R3, width_adj_count, port2, Accumulator, 1585749133, 0, 0, 0, 0, 0, 0
rtr_G2R3, send_bit_count, port3, Accumulator, 1585749133, 0, 75984, 29975680, 194, 360, 488
rtr_G2R3, send_packet_count, port3, Accumulator, 1585749133, 0, 194, 194, 194, 1, 1
rtr_G2R3, output_port_stalls, port3, Accumulator, 1585749133, 0, 0, 0, 0, 0, 0
rtr_G2R3, idle_time, port3, Accumulator, 1585749133, 0, 1584848025, 13304102669860845, 195, 547733, 22561068
rtr_G2R3, width_adj_count, port3, Accumulator, 1585749133, 0, 0, 0, 0, 0, 0
rtr_G2R3, send_bit_count, port4, Accumulator, 1585749133, 0, 8568, 5247936, 15, 360, 744
rtr_G2R3, send_packet_count, port4, Accumulator, 1585749133, 0, 15, 15, 15, 1, 1
rtr_G2R3, output_port_stalls, port4, Accumulator, 1585749133, 0, 0, 0, 0, 0, 0
rtr_G2R3, idle_time, port4, Accumulator, 1585749133, 0, 1585653157, 1226353679942459863, 16, 125068, 804699002
rtr_G2R3, width_adj_count, port4, Accumulator, 1585749133, 0, 0, 0, 0, 0, 0
rtr_G2R3, xbar_stalls, port0, Accumulator, 1585749133, 0, 0, 0, 0, 0, 0
rtr_G2R3, xbar_stalls, port1, Accumulator, 1585749133, 0, 0, 0, 0, 0, 0
rtr_G2R3, xbar_stalls, port2, Accumulator, 1585749133, 0, 0, 0, 0, 0, 0
rtr_G2R3, xbar_stalls, port3, Accumulator, 1585749133, 0, 0, 0, 0, 0, 0
rtr_G2R3, xbar_stalls, port4, Accumulator, 1585749133, 0, 0, 0, 0, 0, 0
rtr_G2R3, xbar_stalls, port5, Accumulator, 1585749133, 0, 0, 0, 0, 0, 0
nic11:rtrLink:networkIF, packet_latency, , Accumulator, 1585749133, 0, 75981, 27879951, 209, 198, 371
nic11:rtrLink:networkIF, send_bit_count, , Accumulator, 1585749133, 0, 85704, 37380160, 209, 360, 1128
nic11:rtrLink:networkIF, output_port_stalls, , Accumulator, 1585749133, 0, 0, 0, 0, 0, 0
nic11:rtrLink:networkIF, idle_time, , Accumulator, 1585749133, 0, 1413127452, 10157641429003708, 213, 18533, 11184668
rtr_G3R0, send_bit_count, port0, Accumulator, 1585749133, 0, 86344, 38209600, 209, 360, 1128
rtr_G3R0, send_packet_count, port0, Accumulator, 1585749133, 0, 209, 209, 209, 1, 1
rtr_G3R0, output_port_stalls, port0, Accumulator, 1585749133, 0, 0, 0, 0, 0, 0
rtr_G3R0, idle_time, port0, Accumulator, 1585749133, 0, 1584732054, 12911557505723308, 210, 39468, 23317069
rtr_G3R0, width_adj_count, port0, Accumulator, 1585749133, 0, 0, 0, 0, 0, 0
rtr_G3R0, send_bit_count, port1, Accumulator, 1585749133, 0, 79072, 31817728, 200, 360, 808
rtr_G3R0, send_packet_count, port1, Accumulator, 1585749133, 0, 200, 200, 200, 1, 1
rtr_G3R0, output_port_stalls, port1, Accumulator, 1585749133, 0, 0, 0, 0, 0, 0
rtr_G3R0, idle_time, port1, Accumulator, 1585749133, 0, 1584812034, 13091972106968594, 201, 126401, 23360269
rtr_G3R0, width_adj_count, port1, Accumulator, 1585749133, 0, 0, 0, 0, 0, 0
rtr_G3R0, send_bit_count, port2, Accumulator, 1585749133, 0, 81664, 35536384, 200, 360, 1128
rtr_G3R0, send_packet_count, port2, Accumulator, 1585749133, 0, 200, 200, 200, 1, 1
rtr_G3R0, output_port_stalls, port2, Accumulator, 1585749133, 0, 0, 0, 0, 0, 0
rtr_G3R0, idle_time, port2, Accumulator, 1585749133, 0, 1584784041, 13038578028824621, 201, 561069, 25003469
rtr_G3R0, width_adj_count, port2, Accumulator, 1585749133, 0, 0, 0, 0, 0, 0
rtr_G3R0, send_bit_count, port3, Accumulator, 1585749133, 0, 0, 0, 0, 0, 0
rtr_G3R0, send_packet_count, port3, Accumulator, 1585749133, 0, 0, 0, 0, 0, 0
rtr_G3R0, output_port_stalls, port3, Accumulator, 1585749133, 0, 0, 0, 0, 0, 0
rtr_G3R0, idle_time, port3, Accumulator, 1585749133, 0, 1585749133, 2514600312810251689, 1, 1585749133, 1585749133
rtr_G3R0, width_adj_count, port3, Accumulator, 1585749133, 0, 0, 0, 0, 0, 0
rtr_G3R0, send_bit_count, port4, Accumulator, 1585749133, 0, 6120, 4235328, 9, 552, 744
rtr_G3R0, send_packet_count, port4, Accumulator, 1585749133, 0, 9, 9, 9, 1, 1
rtr_G3R0, output_port_stalls, port4, Accumulator, 1585749133, 0, 0, 0, 0, 0, 0
rtr_G3R0, idle_time, port4, Accumulator, 1585749133, 0, 1585681150, 1228854201916053988, 10, 122402, 804231002
rtr_G3R0, width_adj_count, port4, Accumulator, 1585749133, 0, 0, 0, 0, 0, 0
rtr_G3R0, send_bit_count, port5, Accumulator, 1585749133, 0, 158736, 67585664, 394, 360, 1128
rtr_G3R0, send_packet_count, port5, Accumulator, 1585749133, 0, 394, 394, 394, 1, 1
rtr_G3R0, output_port_stalls, port5, Accumulator, 1585749133, 0, 0, 0, 0, 0, 0
rtr_G3R0, idle_time, port5, Accumulator, 1585749133, 0, 1583874935, 12256906070543655, 395, 81068, 19933868
rtr_G3R0, width_adj_count, port5, Accumulator, 1585749133, 0, 0, 0, 0, 0, 0
rtr_G3R0, xbar_stalls, port0, Accumulator, 1585749133, 0, 0, 0, 0, 0, 0
rtr_G3R0, xbar_stalls, port1, Accumulator, 1585749133, 0, 0, 0, 0, 0, 0
rtr_G3R0, xbar_stalls, port2, Accumulator, 1585749133, 0, 0, 0, 0, 0, 0
rtr_G3R0, xbar_stalls, port3, Accumulator, 1585749133, 0, 0, 0, 0, 0, 0
rtr_G3R0, xbar_stalls, port4, Accumulator, 1585749133, 0, 0, 0, 0, 0, 0
rtr_G3R0, xbar_stalls, port5, Accumulator, 1585749133, 0, 0, 0, 0, 0, 0
nic12:rtrLink:networkIF, packet_latency, , Accumulator, 1585749133, 0, 76685, 28200633, 209, 284, 371
nic12:rtrLink:networkIF, send_bit_count, , Accumulator, 1585749133, 0, 85704, 37380160, 209, 360, 1128
nic12:rtrLink:networkIF, output_port_stalls, , Accumulator, 1585749133, 0, 0, 0, 0, 0, 0
nic12:rtrLink:networkIF, idle_time, , Accumulator, 1585749133, 0, 1412310919, 10158491901670731, 212, 29735, 11184668
rtr_G3R1, send_bit_count, port0, Accumulator, 1585749133, 0, 86344, 38209600, 209, 360, 1128
rtr_G3R1, send_packet_count, port0, Accumulator, 1585749133, 0, 209, 209, 209, 1, 1
rtr_G3R1, output_port_stalls, port0, Accumulator, 1585749133, 0, 0, 0, 0, 0, 0
rtr_G3R1, idle_time, port0, Accumulator, 1585749133, 0, 1584732054, 12910882863099308, 210, 126401, 23360269
rtr_G3R1, width_adj_count, port0, Accumulator, 1585749133, 0, 0, 0, 0, 0, 0
rtr_G3R1, send_bit_count, port1, Accumulator, 1585749133, 0, 3888, 2574720, 6, 552, 744
rtr_G3R1, send_packet_count, port1, Accumulator, 1585749133, 0, 6, 6, 6, 1, 1
rtr_G3R1, output_port_stalls, port1, Accumulator, 1585749133, 0, 0, 0, 0, 0, 0
rtr_G3R1, idle_time, port1, Accumulator, 1585749133, 0, 1585705144, 1229469305916786776, 7, 826135, 804846202
rtr_G3R1, width_adj_count, port1, Accumulator, 1585749133, 0, 0, 0, 0, 0, 0
rtr_G3R1, send_bit_count, port2, Accumulator, 1585749133, 0, 84048, 36466048, 206, 360, 1128
rtr_G3R1, send_packet_count, port2, Accumulator, 1585749133, 0, 206, 206, 206, 1, 1
rtr_G3R1, output_port_stalls, port2, Accumulator, 1585749133, 0, 0, 0, 0, 0, 0
rtr_G3R1, idle_time, port2, Accumulator, 1585749133, 0, 1584760047, 12848687319650759, 207, 107203, 20149868
rtr_G3R1, width_adj_count, port2, Accumulator, 1585749133, 0, 0, 0, 0, 0, 0
rtr_G3R1, send_bit_count, port3, Accumulator, 1585749133, 0, 1656, 914112, 3, 552, 552
rtr_G3R1, send_packet_count, port3, Accumulator, 1585749133, 0, 3, 3, 3, 1, 1
rtr_G3R1, output_port_stalls, port3, Accumulator, 1585749133, 0, 0, 0, 0, 0, 0
rtr_G3R1, idle_time, port3, Accumulator, 1585749133, 0, 1585729138, 1231883586128499964, 4, 5327735, 806229935
rtr_G3R1, width_adj_count, port3, Accumulator, 1585749133, 0, 0, 0, 0, 0, 0
rtr_G3R1, send_bit_count, port4, Accumulator, 1585749133, 0, 0, 0, 0, 0, 0
rtr_G3R1, send_packet_count, port4, Accumulator, 1585749133, 0, 0, 0, 0, 0, 0
rtr_G3R1, output_port_stalls, port4, Accumulator, 1585749133, 0, 0, 0, 0, 0, 0
rtr_G3R1, idle_time, port4, Accumulator, 1585749133, 0, 1585749133, 2514600312810251689, 1, 1585749133, 1585749133
rtr_G3R1, width_adj_count, port4, Accumulator, 1585749133, 0, 0, 0, 0, 0, 0
rtr_G3R1, send_bit_count, port5, Accumulator, 1585749133, 0, 8568, 5247936, 15, 360, 744
rtr_G3R1, send_packet_count, port5, Accumulator, 1585749133, 0, 15, 15, 15, 1, 1
rtr_G3R1, output_port_stalls, port5, Accumulator, 1585749133, 0, 0, 0, 0, 0, 0
rtr_G3R1, idle_time, port5, Accumulator, 1585749133, 0, 1585653157, 1228008327299869463, 16, 87468, 804948602
rtr_G3R1, width_adj_count, port5, Accumulator, 1585749133, 0, 0, 0, 0, 0, 0
rtr_G3R1, xbar_stalls, port0, Accumulator, 1585749133, 0, 0, 0, 0, 0, 0
rtr_G3R1, xbar_stalls, port1, Accumulator, 1585749133, 0, 0, 0, 0, 0, 0
rtr_G3R1, xbar_stalls, port2, Accumulator, 1585749133, 0, 0, 0, 0, 0, 0
rtr_G3R1, xbar_stalls, port3, Accumulator, 1585749133, 0, 0, 0, 0, 0, 0
rtr_G3R1, xbar_stalls, port4, Accumulator, 1585749133, 0, 0, 0, 0, 0, 0
rtr_G3R1, xbar_stalls, port5, Accumulator, 1585749133, 0, 0, 0, 0, 0, 0
nic13:rtrLink:networkIF, packet_latency, , Accumulator, 1585749133, 0, 76241, 28005445, 209, 198, 371
nic13:rtrLink:networkIF, send_bit_count, , Accumulator, 1585749133, 0, 85704, 37380160, 209, 360, 1128
nic13:rtrLink:networkIF, output_port_stalls, , Accumulator, 1585749133, 0, 0, 0, 0, 0, 0
nic13:rtrLink:networkIF, idle_time, , Accumulator, 1585749133, 0, 1411830386, 10155398286034286, 211, 18802, 11184668
rtr_G3R2, send_bit_count, port0, Accumulator, 1585749133, 0, 86344, 38209600, 209, 360, 1128
rtr_G3R2, send_packet_count, port0, Accumulator, 1585749133, 0, 209, 209, 209, 1, 1
rtr_G3R2, output_port_stalls, port0, Accumulator, 1585749133, 0, 0, 0, 0, 0, 0
rtr_G3R2, idle_time, port0, Accumulator, 1585749133, 0, 1584732054, 12898846195915308, 210, 5603, 23229869
rtr_G3R2, width_adj_count, port0, Accumulator, 1585749133, 0, 0, 0, 0, 0, 0
rtr_G3R2, send_bit_count, port1, Accumulator, 1585749133, 0, 159880, 67172672, 397, 360, 1128
rtr_G3R2, send_packet_count, port1, Accumulator, 1585749133, 0, 397, 397, 397, 1, 1
rtr_G3R2, output_port_stalls, port1, Accumulator, 1585749133, 0, 0, 0, 0, 0, 0
rtr_G3R2, idle_time, port1, Accumulator, 1585749133, 0, 1583858939, 9711876003249789, 398, 122935, 12110669
rtr_G3R2, width_adj_count, port1, Accumulator, 1585749133, 0, 0, 0, 0, 0, 0
rtr_G3R2, send_bit_count, port2, Accumulator, 1585749133, 0, 3384, 3817152, 3, 1128, 1128
rtr_G3R2, send_packet_count, port2, Accumulator, 1585749133, 0, 3, 3, 3, 1, 1
rtr_G3R2, output_port_stalls, port2, Accumulator, 1585749133, 0, 0, 0, 0, 0, 0
rtr_G3R2, idle_time, port2, Accumulator, 1585749133, 0, 1585713142, 1238428046587639716, 4, 6076003, 802843803
rtr_G3R2, width_adj_count, port2, Accumulator, 1585749133, 0, 0, 0, 0, 0, 0
rtr_G3R2, send_bit_count, port3, Accumulator, 1585749133, 0, 82456, 35634880, 203, 360, 1128
rtr_G3R2, send_packet_count, port3, Accumulator, 1585749133, 0, 203, 203, 203, 1, 1
rtr_G3R2, output_port_stalls, port3, Accumulator, 1585749133, 0, 0, 0, 0, 0, 0
rtr_G3R2, idle_time, port3, Accumulator, 1585749133, 0, 1584776043, 12986895970282221, 204, 126401, 22906669
rtr_G3R2, width_adj_count, port3, Accumulator, 1585749133, 0, 0, 0, 0, 0, 0
rtr_G3R2, send_bit_count, port4, Accumulator, 1585749133, 0, 158736, 67585664, 394, 360, 1128
rtr_G3R2, send_packet_count, port4, Accumulator, 1585749133, 0, 394, 394, 394, 1, 1
rtr_G3R2, output_port_stalls, port4, Accumulator, 1585749133, 0, 0, 0, 0, 0, 0
rtr_G3R2, idle_time, port4, Accumulator, 1585749133, 0, 1583874935, 11240622354557703, 394, 141603, 19565868
rtr_G3R2, width_adj_count, port4, Accumulator, 1585749133, 0, 0, 0, 0, 0, 0
rtr_G3R2, xbar_stalls, port0, Accumulator, 1585749133, 0, 0, 0, 0, 0, 0
rtr_G3R2, xbar_stalls, port1, Accumulator, 1585749133, 0, 0, 0, 0, 0, 0
rtr_G3R2, xbar_stalls, port2, Accumulator, 1585749133, 0, 0, 0, 0, 0, 0
rtr_G3R2, xbar_stalls, port3, Accumulator, 1585749133, 0, 4, 4, 4, 1, 1
rtr_G3R2, xbar_stalls, port4, Accumulator, 1585749133, 0, 0, 0, 0, 0, 0
rtr_G3R2, xbar_stalls, port5, Accumulator, 1585749133, 0, 0, 0, 0, 0, 0
nic14:rtrLink:networkIF, packet_latency, , Accumulator, 1585749133, 0, 75905, 27823291, 209, 198, 371
nic14:rtrLink:networkIF, send_bit_count, , Accumulator, 1585749133, 0, 85704, 37380160, 209, 360, 1128
nic14:rtrLink:networkIF, output_port_stalls, , Accumulator, 1585749133, 0, 0, 0, 0, 0, 0
nic14:rtrLink:networkIF, idle_time, , Accumulator, 1585749133, 0, 1411351586, 10147844164405042, 211, 63868, 11184668
rtr_G3R3, send_bit_count, port0, Accumulator, 1585749133, 0, 86344, 38209600, 209, 360, 1128
rtr_G3R3, send_packet_count, port0, Accumulator, 1585749133, 0, 209, 209, 209, 1, 1
rtr_G3R3, output_port_stalls, port0, Accumulator, 1585749133, 0, 0, 0, 0, 0, 0
rtr_G3R3, idle_time, port0, Accumulator, 1585749133, 0, 1584732054, 12924538752844908, 210, 126401, 22906669
rtr_G3R3, width_adj_count, port0, Accumulator, 1585749133, 0, 0, 0, 0, 0, 0
rtr_G3R3, send_bit_count, port1, Accumulator, 1585749133, 0, 2448, 1012608, 6, 360, 456
rtr_G3R3, send_packet_count, port1, Accumulator, 1585749133, 0, 6, 6, 6, 1, 1
rtr_G3R3, output_port_stalls, port1, Accumulator, 1585749133, 0, 0, 0, 0, 0, 0
rtr_G3R3, idle_time, port1, Accumulator, 1585749133, 0, 1585721140, 1229340114835713964, 7, 883201, 806428868
rtr_G3R3, width_adj_count, port1, Accumulator, 1585749133, 0, 0, 0, 0, 0, 0
rtr_G3R3, send_bit_count, port2, Accumulator, 1585749133, 0, 10224, 6162048, 18, 360, 744
rtr_G3R3, send_packet_count, port2, Accumulator, 1585749133, 0, 18, 18, 18, 1, 1
rtr_G3R3, output_port_stalls, port2, Accumulator, 1585749133, 0, 0, 0, 0, 0, 0
rtr_G3R3, idle_time, port2, Accumulator, 1585749133, 0, 1585633162, 1227302208078332938, 19, 123735, 804612602
rtr_G3R3, width_adj_count, port2, Accumulator, 1585749133, 0, 0, 0, 0, 0, 0
rtr_G3R3, send_bit_count, port3, Accumulator, 1585749133, 0, 79368, 33792832, 197, 360, 1128
rtr_G3R3, send_packet_count, port3, Accumulator, 1585749133, 0, 197, 197, 197, 1, 1
rtr_G3R3, output_port_stalls, port3, Accumulator, 1585749133, 0, 0, 0, 0, 0, 0
rtr_G3R3, idle_time, port3, Accumulator, 1585749133, 0, 1584812034, 12946400032697672, 198, 547733, 20149868
rtr_G3R3, width_adj_count, port3, Accumulator, 1585749133, 0, 0, 0, 0, 0, 0
rtr_G3R3, send_bit_count, port4, Accumulator, 1585749133, 0, 0, 0, 0, 0, 0
rtr_G3R3, send_packet_count, port4, Accumulator, 1585749133, 0, 0, 0, 0, 0, 0
rtr_G3R3, output_port_stalls, port4, Accumulator, 1585749133, 0, 0, 0, 0, 0, 0
rtr_G3R3, idle_time, port4, Accumulator, 1585749133, 0, 1585749133, 2514600312810251689, 1, 1585749133, 1585749133
rtr_G3R3, width_adj_count, port4, Accumulator, 1585749133, 0, 0, 0, 0, 0, 0
rtr_G3R3, xbar_stalls, port0, Accumulator, 1585749133, 0, 0, 0, 0, 0, 0
rtr_G3R3, xbar_stalls, port1, Accumulator, 1585749133, 0, 0, 0, 0, 0, 0
rtr_G3R3, xbar_stalls, port2, Accumulator, 1585749133, 0, 0, 0, 0, 0, 0
rtr_G3R3, xbar_stalls, port3, Accumulator, 1585749133, 0, 0, 0, 0, 0, 0
rtr_G3R3, xbar_stalls, port4, Accumulator, 1585749133, 0, 0, 0, 0, 0, 0
rtr_G3R3, xbar_stalls, port5, Accumulator, 1585749133, 0, 0, 0, 0, 0, 0
nic15:rtrLink:networkIF, packet_latency, , Accumulator, 1585749133, 0, 58446, 16428928, 209, 197, 285
nic15:rtrLink:networkIF, send_bit_count, , Accumulator, 1585749133, 0, 85704, 37380160, 209, 360, 1128
nic15:rtrLink:networkIF, output_port_stalls, , Accumulator, 1585749133, 0, 0, 0, 0, 0, 0
nic15:rtrLink:networkIF, idle_time, , Accumulator, 1585749133, 0, 1414281052, 10188094636885040, 212, 51735, 11119335
